file_path,file_hash,file_size
"EMDC_FOIL_Disk_1_of_2_Sept112001_1_911/Sept 11, 2001 - PowerPoint/Map Products 9.17.01.ppt",688afb2bb86cbeb37f6748dd13e6cf155151c71a0a0f8f55f1e333bba05dddd7,83205120
"EMDC_FOIL_Disk_1_of_2_Sept112001_1_911/Sept 11, 2001 - PowerPoint/Mike.ppt",c961dbdec5c378e0109687dd88bcf9a27ccad58570930ca52a930850d3c43084,4767232
"EMDC_FOIL_Disk_1_of_2_Sept112001_1_911/Sept 11, 2001 - PowerPoint/map products.ppt",9584e3510cfac372aa2db88d23dac4ffaeec8a0dacbd5863884e82a3845966f1,83240448
EMDC_FOIL_Disk_2_of_2_WTC_JPEGs_and_PDFs/WTC 2001 - JPGs/09_16_no_enterzone.jpg,8e7ac8bfad1228993a10514e4cc720c6445a99d4b37316a1e57759da1631e1b1,473352
EMDC_FOIL_Disk_2_of_2_WTC_JPEGs_and_PDFs/WTC 2001 - JPGs/09_16_no_enterzone_2.jpg,8e7ac8bfad1228993a10514e4cc720c6445a99d4b37316a1e57759da1631e1b1,473352
EMDC_FOIL_Disk_2_of_2_WTC_JPEGs_and_PDFs/WTC 2001 - JPGs/10.16coned.jpg,50ae3204cce2621adf3c8fe8d782363392fa3b29943d52fae6c01a668d8ccd94,90883
EMDC_FOIL_Disk_2_of_2_WTC_JPEGs_and_PDFs/WTC 2001 - JPGs/10.17restricted sectors.jpg,7a01d4708800b45acf6d5c5677bbb6bfce0a91ba8e64f566b4a170a274409ee6,144813
EMDC_FOIL_Disk_2_of_2_WTC_JPEGs_and_PDFs/WTC 2001 - JPGs/1197_Kennedy.jpg,87bc5b4701bbb9c3b14ca934786be4b5089ff485808c88a0d0d9d517452b3cd2,843115
EMDC_FOIL_Disk_2_of_2_WTC_JPEGs_and_PDFs/WTC 2001 - JPGs/1223 HEPA Trucks 10.4.01.jpg,f76e47e0507694735be726f2ffb4bead1473b58288a86c12951d89022c3b573f,468120
EMDC_FOIL_Disk_2_of_2_WTC_JPEGs_and_PDFs/WTC 2001 - JPGs/1223 HEPA Trucks.jpg,33d29c0036891e41c2266810d2debdfa0e7f8cf1d1074ff5268d3c455e3cd122,520227
EMDC_FOIL_Disk_2_of_2_WTC_JPEGs_and_PDFs/WTC 2001 - JPGs/1432_20011010_NYPDrestricted area.jpg,64b8c1cb3a18faf3596e84e41c9d8bbdbafb9957c77afd75cbdfad932e31e393,1106703
EMDC_FOIL_Disk_2_of_2_WTC_JPEGs_and_PDFs/WTC 2001 - JPGs/1432_20011010_NYPDrestricted areaWithout_Grid.jpg,edf6f387ed214c4af0316f37ea5e4049a0fddc37665210da592e781b59bd49f1,1038958
EMDC_FOIL_Disk_2_of_2_WTC_JPEGs_and_PDFs/WTC 2001 - JPGs/1537Zone_Asize.jpg,c8e9cd5a12a97fccdc46f696601766eb499f26d857c7bf55226876f64a2a7c23,1243710
EMDC_FOIL_Disk_2_of_2_WTC_JPEGs_and_PDFs/WTC 2001 - JPGs/1537Zone_Dsize.jpg,42df4cdd02fea694826cc6427f44e920c03293d36cc697ac6a8afd039474f96e,4928288
EMDC_FOIL_Disk_2_of_2_WTC_JPEGs_and_PDFs/WTC 2001 - JPGs/1546_20011016_FDNYVerrazanoAerial.jpg,e04c28213b014220ed74e60776b10971da52359533c3f31758f35fc5ffe07052,29577484
EMDC_FOIL_Disk_2_of_2_WTC_JPEGs_and_PDFs/WTC 2001 - JPGs/20001_Aerial.jpg,b8887fdd5d19728f5a1c8127f79a79374590fab8e54e17f57819e5c0a27acc9a,1630527
EMDC_FOIL_Disk_2_of_2_WTC_JPEGs_and_PDFs/WTC 2001 - JPGs/20011003_Thermal_Imagery.jpg,aa54a783410179acfdef88c297e11302788fae012a28891c4648df587d4b1694,25265198
EMDC_FOIL_Disk_2_of_2_WTC_JPEGs_and_PDFs/WTC 2001 - JPGs/24Oct_Gas_Detection.jpg,e462f07484c203ee602bd3af552f2236e6499a07dc14847603a101e5c2284318,269238
EMDC_FOIL_Disk_2_of_2_WTC_JPEGs_and_PDFs/WTC 2001 - JPGs/24Oct_Thermal_Detection.jpg,9a8f62c53db560a3c4f53ce8385469c2319c206a5d5c2ece6f9cffdadb09bd6f,262427
EMDC_FOIL_Disk_2_of_2_WTC_JPEGs_and_PDFs/WTC 2001 - JPGs/24Oct_Thermal_WTC_Product3.jpg,e4aa315c0f801a888b1330e3b78b4b28ad6308f23c1a0671033cd2798cab9d40,106165
EMDC_FOIL_Disk_2_of_2_WTC_JPEGs_and_PDFs/WTC 2001 - JPGs/24Oct_World_Trade_Center_Product2.jpg,78e89e9a5f63eceb795a78117bb8dbf1ed039ccccc5168f3b849c7a974854300,105873
EMDC_FOIL_Disk_2_of_2_WTC_JPEGs_and_PDFs/WTC 2001 - JPGs/3dwithfootprintssmall.jpg,c5630ceee70a8380f9845ce8e1050cbbdd6bdc8a0aef1f12b0993d64501a656c,1846955
EMDC_FOIL_Disk_2_of_2_WTC_JPEGs_and_PDFs/WTC 2001 - JPGs/50th&98th_Raster_E.jpg,784f5b06cc4dc48f5cf8beff7138ec0ed6f4601fc8b1faaeb65c0754f88eed04,11146493
EMDC_FOIL_Disk_2_of_2_WTC_JPEGs_and_PDFs/WTC 2001 - JPGs/50th&98th_Vector_E.jpg,b399da52bea48e038694cebc8ef79251dcfb666f6e85d911304a9e3745f38d0d,6633916
EMDC_FOIL_Disk_2_of_2_WTC_JPEGs_and_PDFs/WTC 2001 - JPGs/Bayonne_Map_A.jpg,0fbc89c69e1dba9af497e653e7c4a91df718255358982fd34fe8bda447473838,371611
EMDC_FOIL_Disk_2_of_2_WTC_JPEGs_and_PDFs/WTC 2001 - JPGs/Bayonne_Map_Imagery_A.jpg,68ed88c990629fa23cfae8bbc2cca577ccfe6ab31ecbda7f98fd6ea58b6f7116,923683
EMDC_FOIL_Disk_2_of_2_WTC_JPEGs_and_PDFs/WTC 2001 - JPGs/Brooklyn_Battery_Map_A.jpg,8f77ff3f3d1782d0a05e12c04134a41213cbe3b6fec5050c3a374a10dc8ff516,378524
EMDC_FOIL_Disk_2_of_2_WTC_JPEGs_and_PDFs/WTC 2001 - JPGs/Brooklyn_Battery_Map_Imagery_A.jpg,2fc74887177cf3805dbcee77d523cbff5e4da73dac98cb53f0ef2a915b96922f,723233
EMDC_FOIL_Disk_2_of_2_WTC_JPEGs_and_PDFs/WTC 2001 - JPGs/Brooklyn_Manhattan_Map_A.jpg,9f01d8faf8102677185123d46943f7ce8d6bd0ec232ce001a1b01b23c3593520,699595
EMDC_FOIL_Disk_2_of_2_WTC_JPEGs_and_PDFs/WTC 2001 - JPGs/Brooklyn_Manhattan_Map_Imagery_A.jpg,042948784d76bedd3135ff18b1fb885d729af1fb2a9944db141a875d213d5be6,1057909
EMDC_FOIL_Disk_2_of_2_WTC_JPEGs_and_PDFs/WTC 2001 - JPGs/Chamber_south_simples2.jpg,e205ac59fe0e1c25a5b5481bc00a7fb88043d92c2176916ca053399035e59024,915163
EMDC_FOIL_Disk_2_of_2_WTC_JPEGs_and_PDFs/WTC 2001 - JPGs/Crossbay_Map_A.jpg,8669c53ec370032f077c66d05e5a274087532a96eaf36aeb919464cf678cbd50,471673
EMDC_FOIL_Disk_2_of_2_WTC_JPEGs_and_PDFs/WTC 2001 - JPGs/Crossbay_Map_Imagery_A.jpg,56a7973f93e6621b69d30e1532d7ed499a9b68583abb622ac40423b4978ae68f,718423
EMDC_FOIL_Disk_2_of_2_WTC_JPEGs_and_PDFs/WTC 2001 - JPGs/Debis Field.jpg,25ee1f7520b2426c00cf9d3e0e35c89e50a5d40efd89529df5593a076a83ed5d,1796920
EMDC_FOIL_Disk_2_of_2_WTC_JPEGs_and_PDFs/WTC 2001 - JPGs/FDNY_WTC_commandposts9_20_2001_8x11.jpg,df00307d29c8a693277890d7f19e39553e26556ba34dab162e8313cc7ab52ae9,450204
EMDC_FOIL_Disk_2_of_2_WTC_JPEGs_and_PDFs/WTC 2001 - JPGs/George_Washington_Map_A.jpg,66ee6abd2c5e5b0590f11477c63330df1212c6ebc0e4de5a46a1226dd5630d83,399856
EMDC_FOIL_Disk_2_of_2_WTC_JPEGs_and_PDFs/WTC 2001 - JPGs/George_Washington_Map_Imagery_A.jpg,8906d1883dd6ee873c9f1c259b5e755d308168c6c2f12612dc5c3c10304ba007,895104
EMDC_FOIL_Disk_2_of_2_WTC_JPEGs_and_PDFs/WTC 2001 - JPGs/Goethals_Map_A.jpg,edcc5ebf76605183a3a26cb63f0019f53db33d2a399be05d9c8bc199fd44442d,383372
EMDC_FOIL_Disk_2_of_2_WTC_JPEGs_and_PDFs/WTC 2001 - JPGs/Goethals_Map_Imagery_A.jpg,852d550fc9d59d0bc2426a958dfbd4d3df27f499d3fe705ee5409c54a9f414a8,852367
EMDC_FOIL_Disk_2_of_2_WTC_JPEGs_and_PDFs/WTC 2001 - JPGs/Ground Zero.jpg,6af35b054b84b11fe41a3fa5385b67c0993015c194061e0b80608150d9cd6c04,2384999
EMDC_FOIL_Disk_2_of_2_WTC_JPEGs_and_PDFs/WTC 2001 - JPGs/Henry_Hudson_Map_A.jpg,a64d3727b62a3a9e2b524ce88db4a2cbaa3f6c7791c76a1dcba6a0638512e24a,323393
EMDC_FOIL_Disk_2_of_2_WTC_JPEGs_and_PDFs/WTC 2001 - JPGs/Henry_Hudson_Map_Imagery_A.jpg,78fa7f20a1e8611d23d993dd022def2fa63d4af4962f4d4c440860a24ea67675,908051
EMDC_FOIL_Disk_2_of_2_WTC_JPEGs_and_PDFs/WTC 2001 - JPGs/Holland_Map_A.jpg,3ef0d16e12d7d90f90103aad3252172e9663017a13e262b0913fd9441da79a7b,336763
EMDC_FOIL_Disk_2_of_2_WTC_JPEGs_and_PDFs/WTC 2001 - JPGs/Holland_Map_Imagery_A.jpg,722232fca69d087c7b7d318036af8b77058b83ff0244f10910b05bfbb885dd72,958004
EMDC_FOIL_Disk_2_of_2_WTC_JPEGs_and_PDFs/WTC 2001 - JPGs/Imagery_09222001_fdny.jpg,9a7bc00cf27273f393dd24de7ed3ee8c9bbf433b672db6e26bbeb5b4285b4996,1180722
EMDC_FOIL_Disk_2_of_2_WTC_JPEGs_and_PDFs/WTC 2001 - JPGs/Lincoln_Map_A.jpg,657ba9343bdeb3f60e5ee7ebd73d4631024aecf1e849d7ae7c8a05dabc935593,381729
EMDC_FOIL_Disk_2_of_2_WTC_JPEGs_and_PDFs/WTC 2001 - JPGs/Lincoln_Map_Imagery_A.jpg,a98bf823acb602409cbadf8945435fd7558c64d33030c2b602c9bc5e7026b037,851373
EMDC_FOIL_Disk_2_of_2_WTC_JPEGs_and_PDFs/WTC 2001 - JPGs/MN_Staging_Areas2.jpg,570996d6a4cc0b6170a7e707772515c5d78ad739d2239de639be424208b006b0,2301203
EMDC_FOIL_Disk_2_of_2_WTC_JPEGs_and_PDFs/WTC 2001 - JPGs/Marine_Parkway_Map_A.jpg,34caae5397a3829e82bec404a9426222a7ce69218b52e2e3e549119e7f174100,307249
EMDC_FOIL_Disk_2_of_2_WTC_JPEGs_and_PDFs/WTC 2001 - JPGs/Marine_Parkway_Map_Imagery_A.jpg,f183bd075efc28f5c5b19dab459819e7f9f04cd97d8d48723fe4e064dabd7ed5,668352
EMDC_FOIL_Disk_2_of_2_WTC_JPEGs_and_PDFs/WTC 2001 - JPGs/NewProposedZone_101301.jpg,c263f4d4a5c826d1deea3f539d3cee10ecc28834fe6b977b0e2b55ceb3d47f90,6484980
EMDC_FOIL_Disk_2_of_2_WTC_JPEGs_and_PDFs/WTC 2001 - JPGs/NewRestrictedZone.jpg,e37e9a02471a29c6efcdb595593a9ef9a0e14783f5bfa002b9f6de4224082ae7,778127
EMDC_FOIL_Disk_2_of_2_WTC_JPEGs_and_PDFs/WTC 2001 - JPGs/NewRestrictedZoneA.jpg,75c106c19badef63b5d7902d11cdb0763c292e3c8854585d52f08147da2bc095,845014
EMDC_FOIL_Disk_2_of_2_WTC_JPEGs_and_PDFs/WTC 2001 - JPGs/Outerbridge_Map_A.jpg,ad427073dc5ab724b49cf8afbb5628ac9039c2e908d2abb070b896503a7e50da,329976
EMDC_FOIL_Disk_2_of_2_WTC_JPEGs_and_PDFs/WTC 2001 - JPGs/Outerbridge_Map_Imagery_A.jpg,0bb29dcf608862625624c770c0ec6be5383eb110a60461c711b5593f63bcc52d,859842
EMDC_FOIL_Disk_2_of_2_WTC_JPEGs_and_PDFs/WTC 2001 - JPGs/Parking_Vacant_Land.jpg,d88ac5fbb5c0d3356a33f6848939bb9d5377e4434519182bf0968e766636644b,1614925
EMDC_FOIL_Disk_2_of_2_WTC_JPEGs_and_PDFs/WTC 2001 - JPGs/Ped+Car_Restrictions_0918_1800Hrs_A-2.jpg,4d3083ceb5c09c7699e80a270d45027bca93444eb8c0cb3ad9f20de5cb8aaf54,566636
EMDC_FOIL_Disk_2_of_2_WTC_JPEGs_and_PDFs/WTC 2001 - JPGs/Ped+Car_Restrictions_0918_1800Hrs_A.jpg,b028161c147b6df0d540fd240d2181c537f7fc10f150238668d9726dba9f08bd,566767
EMDC_FOIL_Disk_2_of_2_WTC_JPEGs_and_PDFs/WTC 2001 - JPGs/Ped+Car_Restrictions_0925_1600Hrswcp_Web2.jpg,a89bb993b63a9b8222d3b46613ce7b3e3d9f6e70f077151d83df27c95b7cd60b,601501
EMDC_FOIL_Disk_2_of_2_WTC_JPEGs_and_PDFs/WTC 2001 - JPGs/Ped+Car_Restrictions_0927_1700Hrswcp_Web.jpg,60ebfac94cb2312d3a7b8a07b7b562d846f4f040eba29afbab99128352e32247,591183
EMDC_FOIL_Disk_2_of_2_WTC_JPEGs_and_PDFs/WTC 2001 - JPGs/Ped+Car_Restrictions_0928MB.jpg,fcbe28d766152ed4a98e13b0cc26d1bbe9aa06fb67e4b80e84f2d31981f0f4b1,827917
EMDC_FOIL_Disk_2_of_2_WTC_JPEGs_and_PDFs/WTC 2001 - JPGs/Ped+Car_Restrictions_0928_0800.jpg,f950f5d8da626f1d27495d1d631169b5b6c63f04bc731c58fa18ddb5ecd097c7,673018
EMDC_FOIL_Disk_2_of_2_WTC_JPEGs_and_PDFs/WTC 2001 - JPGs/Ped+Car_Restrictions_1002_150dpi.jpg,4533993e0066c26c039e642bad49cd589ae8be19fd45bc68e17466cf470e8eb8,1123985
EMDC_FOIL_Disk_2_of_2_WTC_JPEGs_and_PDFs/WTC 2001 - JPGs/Ped+Car_Restrictions_1004.jpg,afd40be4ba3da119a7a03e5915c17da21b03f67a99cdfc77c775ec555910d82c,596993
EMDC_FOIL_Disk_2_of_2_WTC_JPEGs_and_PDFs/WTC 2001 - JPGs/Ped+Car_Restrictions_1004_0800.jpg,75ff82ba97d93fb7c3c8f25f4867ef71b1dd97c3cbaa33f5c140c1ac57ed1db4,1733172
EMDC_FOIL_Disk_2_of_2_WTC_JPEGs_and_PDFs/WTC 2001 - JPGs/Queens_Midtown_Map_A.jpg,fc78bdecaa23c87cd473c5b292e4675b6ca7e4c103dc21870af9349e4c446013,602227
EMDC_FOIL_Disk_2_of_2_WTC_JPEGs_and_PDFs/WTC 2001 - JPGs/Queens_Midtown_Map_Imagery_A.jpg,1a36c36bb8f8554734bf2bfc929d13e4f7e0f13159bc74a3f0a9c75f8bc5f72c,1048338
EMDC_FOIL_Disk_2_of_2_WTC_JPEGs_and_PDFs/WTC 2001 - JPGs/Queensboro_Map_A.jpg,3cd45a2e45adb8c01bf647624f799088b37a1312c353ca9c9a55be74e9f637ab,753543
EMDC_FOIL_Disk_2_of_2_WTC_JPEGs_and_PDFs/WTC 2001 - JPGs/Queensboro_Map_Imagery_A.jpg,70d65b20bb673bf5cbc6cece161c98e09e4c94719cb6603261560e9a6a166aa9,1077273
EMDC_FOIL_Disk_2_of_2_WTC_JPEGs_and_PDFs/WTC 2001 - JPGs/Red_Cross_Shelters_Lettersize.jpg,bff4333fdb8c430dc18de573e64eb4f606188d908ca6f3561a3272ab1e3a1179,757971
EMDC_FOIL_Disk_2_of_2_WTC_JPEGs_and_PDFs/WTC 2001 - JPGs/Request744_minimum_safety_Asize2.jpg,3aa760d972893a48ed81a102051c4533f3161dcb6e3b83172f6fad7e58ecdc28,1280586
EMDC_FOIL_Disk_2_of_2_WTC_JPEGs_and_PDFs/WTC 2001 - JPGs/RestrictedAreaCP_E_2.jpg,12ce5d916535daca362d51b717ec27b389c6c67e521a8f24540632f09bc69236,1282512
EMDC_FOIL_Disk_2_of_2_WTC_JPEGs_and_PDFs/WTC 2001 - JPGs/SEMORestrictedAreaCP_E.jpg,f6053f9ffa07ee9798d3489634b0dfc90bb522e07f87a8347e85a68cbb429ff9,1358301
EMDC_FOIL_Disk_2_of_2_WTC_JPEGs_and_PDFs/WTC 2001 - JPGs/SI_Freshkills_Landfill_D_2.jpg,7e9f09f1e3751701f26efd9e77d4d48dfafe6474e0dac425caed43789a8a170e,1516962
EMDC_FOIL_Disk_2_of_2_WTC_JPEGs_and_PDFs/WTC 2001 - JPGs/Standard_07.jpg,705acc9ddf15cbdcfe43b25683e459b59711df3f1d245110c13bd3f5237f3b58,2379827
EMDC_FOIL_Disk_2_of_2_WTC_JPEGs_and_PDFs/WTC 2001 - JPGs/Standard_33_coned.jpg,5f1b999c7b536a49a8725d2b104485075c380efef1e40e99ecb922ceea31b718,464938
EMDC_FOIL_Disk_2_of_2_WTC_JPEGs_and_PDFs/WTC 2001 - JPGs/Standard_33_coned_DRAFT_20011024.jpg,5fefbb5546cb18dc22a686a7cf8d9e12dda9b91f5f9bbc6d945dd3b1c7918871,168913
EMDC_FOIL_Disk_2_of_2_WTC_JPEGs_and_PDFs/WTC 2001 - JPGs/Standard_33_telephone_20011015.jpg,f0321691023702e1506fefc416f27639d7d20ecac95e99f7e77e658d9a1b4af3,53976
EMDC_FOIL_Disk_2_of_2_WTC_JPEGs_and_PDFs/WTC 2001 - JPGs/Standard_36.jpg,bc4e3db86938cf4232b33548f2738f5cd259a6de73acad90b9ce0d16e8dbeb78,162031
EMDC_FOIL_Disk_2_of_2_WTC_JPEGs_and_PDFs/WTC 2001 - JPGs/Standard_36_20011017.jpg,8937b1c0de5e004a739575f46db22a8bcfd6c2a016651782af9ba4cd56345080,746067
EMDC_FOIL_Disk_2_of_2_WTC_JPEGs_and_PDFs/WTC 2001 - JPGs/Standard_36_20011029.jpg,f9c35e3d1aa22e213b4b06b13a9daf335a22e9f4a655089af4e910d445a434b7,449067
EMDC_FOIL_Disk_2_of_2_WTC_JPEGs_and_PDFs/WTC 2001 - JPGs/Standard_36_20011205.jpg,cd5c823249ee41b3e899e6f2030e55c85a97457a1bda9222d4687d0afc1a30ef,594874
EMDC_FOIL_Disk_2_of_2_WTC_JPEGs_and_PDFs/WTC 2001 - JPGs/Standard_36_Ped+Car_Restrictions_0920_2030Hrswcp_E200.jpg,54d229347281cfe05645f2e5cf7980884debe85a67ee1e365d2b65da4a1c3a6e,7693205
EMDC_FOIL_Disk_2_of_2_WTC_JPEGs_and_PDFs/WTC 2001 - JPGs/Standard_36_Ped+Car_Restrictions_0922_2400Hrswcp_Web.jpg,7966b31b4316efddad0a460560d19cb653262f1c8b2cfe8c99bbc7ea98b9388a,5002465
EMDC_FOIL_Disk_2_of_2_WTC_JPEGs_and_PDFs/WTC 2001 - JPGs/Standard_36_Ped+Car_Restrictions_0922_2400Hrswcp_Web_Asize.jpg,a755a870c47210aadd77e61333a0fcade0a56350dfe841e573a3a70a9662dc6e,1147834
EMDC_FOIL_Disk_2_of_2_WTC_JPEGs_and_PDFs/WTC 2001 - JPGs/Standard_36_Ped+Car_Restrictions_0925_1600.jpg,49f7b99e223883d7dc2601602f6199d507f3b9797d66f8c96d201ea93812a1a5,720577
EMDC_FOIL_Disk_2_of_2_WTC_JPEGs_and_PDFs/WTC 2001 - JPGs/Standard_36_Ped+Car_Restrictions_0925_1600Hrswcp_Web2.jpg,a89bb993b63a9b8222d3b46613ce7b3e3d9f6e70f077151d83df27c95b7cd60b,601501
EMDC_FOIL_Disk_2_of_2_WTC_JPEGs_and_PDFs/WTC 2001 - JPGs/Standard_36_Ped+Car_Restrictions_0925_draft.jpg,a22a5267ff292e3d80a3d186fc0e4d9977532a26d674b8d49ae0f0d8d341755c,546800
EMDC_FOIL_Disk_2_of_2_WTC_JPEGs_and_PDFs/WTC 2001 - JPGs/Standard_36_Ped+Car_Restrictions_0926_1445Hrswcp_Web.jpg,cca22bec9167425cf3bed51ab7a7e843d2408109d04382e0576ac60ad2041ba7,668439
EMDC_FOIL_Disk_2_of_2_WTC_JPEGs_and_PDFs/WTC 2001 - JPGs/Standard_4.jpg,efe002fad002a4d0b7e8321fd22e4548615f9ccb68f947dd8e479c4a573a27d0,1844645
EMDC_FOIL_Disk_2_of_2_WTC_JPEGs_and_PDFs/WTC 2001 - JPGs/Standard_46_9_19_8x11size_2.jpg,1b1cabe2ee314652ca19e059fe6e05fa36c1066b7d8a0f605cc94a8675296866,1100519
EMDC_FOIL_Disk_2_of_2_WTC_JPEGs_and_PDFs/WTC 2001 - JPGs/Standard_73_bldg_status.jpg,950ebc62c611b7efdfa217706196d028bd27d8fcfc7475618ef454b440d81c29,766700
EMDC_FOIL_Disk_2_of_2_WTC_JPEGs_and_PDFs/WTC 2001 - JPGs/Throgs_Neck_Map_A.jpg,4c958076b740ab46abcbe6385edf210efdcd521c212993de73beddd683947601,451586
EMDC_FOIL_Disk_2_of_2_WTC_JPEGs_and_PDFs/WTC 2001 - JPGs/Throgs_Neck_Map_Imagery_A.jpg,ffa05f2a89d8d1323b5166fd1f820c5e867d4a83ee794abe97f9ce3cc2b2d186,556434
EMDC_FOIL_Disk_2_of_2_WTC_JPEGs_and_PDFs/WTC 2001 - JPGs/Thumbs.db,71ceb95163779bf1e1b27524bd9c03b7d337bdf81435e9ab783c5dfb0edbd798,727552
EMDC_FOIL_Disk_2_of_2_WTC_JPEGs_and_PDFs/WTC 2001 - JPGs/Triborough_Map_A.jpg,dfd522da6f1cf6ca12e71bf6be57cf833d64718bf05db78344d8f7daf249f490,879080
EMDC_FOIL_Disk_2_of_2_WTC_JPEGs_and_PDFs/WTC 2001 - JPGs/Triborough_Map_Imagery_A.jpg,bca22c4fdd0d86d1494fd23c71e9a29176db82099726065042c6c883812f4311,1019619
EMDC_FOIL_Disk_2_of_2_WTC_JPEGs_and_PDFs/WTC 2001 - JPGs/Verrezano_Map_A.jpg,4d79506d3fca2abddaeb32d7a05422a0b3216e88098dcce17599f70b9f3b2da6,433369
EMDC_FOIL_Disk_2_of_2_WTC_JPEGs_and_PDFs/WTC 2001 - JPGs/Verrezano_Map_Imagery_A.jpg,fa0c66cdbd6902abbb5b440935be20b9ec74080e5b5819f3387ebafa00e6e12a,598179
EMDC_FOIL_Disk_2_of_2_WTC_JPEGs_and_PDFs/WTC 2001 - JPGs/WEFMap1.jpg,c287c620034a5f7920f6623d99b9ada7c059cdf8dea640e5715db16a26812474,517462
EMDC_FOIL_Disk_2_of_2_WTC_JPEGs_and_PDFs/WTC 2001 - JPGs/WEFMap2.jpg,267bd49603e4c96a062f799351a69c4128585032555c78b1ec0bf297badd5df6,725019
EMDC_FOIL_Disk_2_of_2_WTC_JPEGs_and_PDFs/WTC 2001 - JPGs/WTC_Operations2.jpg,171e791d54aa4283b7f0d4975c5f33874f5dd9a962af81e63e29da21e9fe5813,235178
EMDC_FOIL_Disk_2_of_2_WTC_JPEGs_and_PDFs/WTC 2001 - JPGs/WTC_Operations_2.jpg,8fde7d4260b7a2d8459c850047a1df94653175edc912671478c10bfd2876ef98,1653531
EMDC_FOIL_Disk_2_of_2_WTC_JPEGs_and_PDFs/WTC 2001 - JPGs/WTC_before+after.jpg,0453dd9f07bed1754684ae347a99e5af04162e371fa0869b046a546c971c5630,214484
EMDC_FOIL_Disk_2_of_2_WTC_JPEGs_and_PDFs/WTC 2001 - JPGs/Whitestone_Map_A.jpg,4bc2ec6e18ad49ea121bee39d4bde4abc90498fe0568a058053ebccbcd63ea11,535257
EMDC_FOIL_Disk_2_of_2_WTC_JPEGs_and_PDFs/WTC 2001 - JPGs/Whitestone_Map_Imagery_A.jpg,577d066939ce9ced4580bf0014b7fd09a6b576caf58bce28c2972020c16bf3a1,755899
EMDC_FOIL_Disk_2_of_2_WTC_JPEGs_and_PDFs/WTC 2001 - JPGs/Williamsburg_Map_A.jpg,014c2dbbebd92b699c1c584cf2a1d3b90ae1c50677d5e7d0a67306fe81bb45e2,876918
EMDC_FOIL_Disk_2_of_2_WTC_JPEGs_and_PDFs/WTC 2001 - JPGs/Williamsburg_Map_Imagery_A.jpg,2737f344e87fde9f7ad4c0351930cb69c5a9f63489d63e746fa0e04f73a74c6d,952091
EMDC_FOIL_Disk_2_of_2_WTC_JPEGs_and_PDFs/WTC 2001 - JPGs/building_cond_9-28.jpg,27a9b2612709c91e39126b37194e232ccfe34ea05570c948a8816d2a010a5e16,1428047
EMDC_FOIL_Disk_2_of_2_WTC_JPEGs_and_PDFs/WTC 2001 - JPGs/city_property_open _status_0921_2.jpg,28e2c97f7703e73bfebd4d17a3e9f99bdafc4ed274cc00b8609da9bbe46d4767,1014692
EMDC_FOIL_Disk_2_of_2_WTC_JPEGs_and_PDFs/WTC 2001 - JPGs/exempt_properties.jpg,8f96e885fd1062d33ad35716c4b3a3dcbbe3f674f22a122ff8bd986d899572ad,2083474
EMDC_FOIL_Disk_2_of_2_WTC_JPEGs_and_PDFs/WTC 2001 - JPGs/fire_dept.jpg,6e39ad93acf71b39f2be04d0cc1374c3a6e679d1bedc5bd8ef3f9e4e2315d3c8,1088582
EMDC_FOIL_Disk_2_of_2_WTC_JPEGs_and_PDFs/WTC 2001 - JPGs/lidar_100501_full.jpg,1babd05ff4d962ed4a8ec9a89aebebb600f811691f0f7d396514f7fe01ae46d4,1387481
EMDC_FOIL_Disk_2_of_2_WTC_JPEGs_and_PDFs/WTC 2001 - JPGs/lidar_with_buildings.jpg,453d0cb729c3d370b46501701f2a508055ae23d7333b591295950fe49f06d087,380213
EMDC_FOIL_Disk_2_of_2_WTC_JPEGs_and_PDFs/WTC 2001 - JPGs/request755_standard31_Esize2.jpg,47d80842a1ed6bd697ebb7ddfaa62436f69b7a35ca4f7c089d3e07f748b3d114,1787110
EMDC_FOIL_Disk_2_of_2_WTC_JPEGs_and_PDFs/WTC 2001 - JPGs/restricted sectors.jpg,49f9c2cf80438ce175b11d6152bb1ee3bc4b050588b3dbdc86b00e9ddd459fbb,175290
EMDC_FOIL_Disk_2_of_2_WTC_JPEGs_and_PDFs/WTC 2001 - JPGs/sectors.jpg,0dada189bd1459853d5f2faa1ea74d3a346329cc80b15d8c1fbaf5a5a60004ec,239334
EMDC_FOIL_Disk_2_of_2_WTC_JPEGs_and_PDFs/WTC 2001 - JPGs/staff_ferries2.jpg,5a1c90fec141ff50d5aa0928835a77bd043beba01c305ff5e9d501f27b264ec9,1078964
EMDC_FOIL_Disk_2_of_2_WTC_JPEGs_and_PDFs/WTC 2001 - JPGs/standard_01.jpg,4271088d19f42b8a4d150ea5edf07f6d0fa55ce34610aadee402939830ac5958,4958197
EMDC_FOIL_Disk_2_of_2_WTC_JPEGs_and_PDFs/WTC 2001 - JPGs/standard_01_8x11.jpg,0c3ecfad3ac4760d46837887d4d994111ab6e65a35ea186c690de10327c6bd5c,568745
EMDC_FOIL_Disk_2_of_2_WTC_JPEGs_and_PDFs/WTC 2001 - JPGs/standard_01_96dpi.jpg,90edb24cc37ee2b1c04e60fc2f33fb59bb066c0bf36d30561979c3b21809c59e,1448724
EMDC_FOIL_Disk_2_of_2_WTC_JPEGs_and_PDFs/WTC 2001 - JPGs/standard_01_large2.jpg,26590cee506519b60c6fc195b42ef5785481ee0809a1a293c0ccb0dc0800a45f,1990616
EMDC_FOIL_Disk_2_of_2_WTC_JPEGs_and_PDFs/WTC 2001 - JPGs/standard_02.jpg,c55176eb6f03de39017168edcf47a3fa36ee02ba6bb7526e9a1d4e4cba755cbe,4376729
EMDC_FOIL_Disk_2_of_2_WTC_JPEGs_and_PDFs/WTC 2001 - JPGs/standard_02_dsize.JPG,d5de0669a44ed1dbbb1ff7fe9dc2864d0c6902f70774ff3704e855eab124ec3e,1081645
EMDC_FOIL_Disk_2_of_2_WTC_JPEGs_and_PDFs/WTC 2001 - JPGs/standard_03_2.jpg,20e05d150b12f6071734a1618d32b763d1db3fe85b0c3502c6cfa8e06ab9f91a,870970
EMDC_FOIL_Disk_2_of_2_WTC_JPEGs_and_PDFs/WTC 2001 - JPGs/standard_05_092301-Esize_2.jpg,0a97ba4fae01792b95a0918699e4f0ebae422e1ee272e9e81230dc2a1175768c,2650006
EMDC_FOIL_Disk_2_of_2_WTC_JPEGs_and_PDFs/WTC 2001 - JPGs/standard_06_2.jpg,98b05c763a98cbe367ede0597c20f4274ac3e0a70e9f52688585ccf1955950a6,2830663
EMDC_FOIL_Disk_2_of_2_WTC_JPEGs_and_PDFs/WTC 2001 - JPGs/standard_08_new.jpg,6128316d67643dafc9369195513d4a3ddd4cf19e8ba268535a5b2295a0077c11,1222913
EMDC_FOIL_Disk_2_of_2_WTC_JPEGs_and_PDFs/WTC 2001 - JPGs/standard_12_vector_2.jpg,8a2b607860f38797a438a862199804f5987afbc694e7bb609c212bd0023ff40b,2545887
EMDC_FOIL_Disk_2_of_2_WTC_JPEGs_and_PDFs/WTC 2001 - JPGs/standard_14_letter.jpg,9cfa09dad64b1292406eb28f5f0b4564dc5bc49a17a19df508b427973706d9a3,1709653
EMDC_FOIL_Disk_2_of_2_WTC_JPEGs_and_PDFs/WTC 2001 - JPGs/standard_15-EMS_E-size_2.jpg,642c3f5293ae89fca00e82dcdd25879dbee1d753f165979b3b84b38c7eff6fc4,1381548
EMDC_FOIL_Disk_2_of_2_WTC_JPEGs_and_PDFs/WTC 2001 - JPGs/standard_20.jpg,d1fef84802a1715bc61b53b3a25b064383e67c8acf9b72a8bc50311f44d17dd3,1644887
EMDC_FOIL_Disk_2_of_2_WTC_JPEGs_and_PDFs/WTC 2001 - JPGs/standard_27.jpg,f6aab8d1d1ffbf1b739c825233088be3e9a206bc9ede60bf5b2cea518133f881,3671363
EMDC_FOIL_Disk_2_of_2_WTC_JPEGs_and_PDFs/WTC 2001 - JPGs/standard_32_9-21_e_2.jpg,c89a024ddfc55cefa4e6248242ea5a24baa1e987438f158b905c03e25b55a3f0,1799172
EMDC_FOIL_Disk_2_of_2_WTC_JPEGs_and_PDFs/WTC 2001 - JPGs/standard_32_yankee_stadium_close_sm_centered.jpg,7e4b7362db36dce4817d92b73f7c9f4e2eff22c559f47925a64f52e4fc0fd206,860719
EMDC_FOIL_Disk_2_of_2_WTC_JPEGs_and_PDFs/WTC 2001 - JPGs/standard_33(util-outage)_092201_telephone_only_letter.jpg,a8463291cd453558681c292cfea7b50505133434f4a05bdec03409a400a66509,308547
EMDC_FOIL_Disk_2_of_2_WTC_JPEGs_and_PDFs/WTC 2001 - JPGs/standard_33(util-outage)_092201_water_only_letter.jpg,d8f0bae110743131ffdbd6e3ff7ed79ddbfe170ace286bbf62788247aa2d5456,368407
EMDC_FOIL_Disk_2_of_2_WTC_JPEGs_and_PDFs/WTC 2001 - JPGs/standard_33(util-outage)_0923_coned_only_letter.jpg,fc28e3eb2bfa71f91c44ea9fc63e34b507e539968ad232fe5161259967941e5e,761686
EMDC_FOIL_Disk_2_of_2_WTC_JPEGs_and_PDFs/WTC 2001 - JPGs/standard_33(util-outage)_092401_water_only_letter.jpg,346fc63fe1c510c05a73181e6204aba54ba2651e91a9c34c3f7eb6498b1abbe7,476643
EMDC_FOIL_Disk_2_of_2_WTC_JPEGs_and_PDFs/WTC 2001 - JPGs/standard_33_water.jpg,33861ce452904e0daf3dce6c5496b04a2f0c01972420fb246f0add09b320d612,3409876
EMDC_FOIL_Disk_2_of_2_WTC_JPEGs_and_PDFs/WTC 2001 - JPGs/standard_34_letter.jpg,a419be5b4b4ee0a3e96778b877103cd266e2bc2255e650acf24796c81812f1ec,577917
EMDC_FOIL_Disk_2_of_2_WTC_JPEGs_and_PDFs/WTC 2001 - JPGs/standard_41_092301_ASize.jpg,aba85acddb6b175afaecadd7e971e35b973412bc82b383fedce31b48cfd0faa7,492487
EMDC_FOIL_Disk_2_of_2_WTC_JPEGs_and_PDFs/WTC 2001 - JPGs/standard_41_092401_ASize.jpg,8348ae47ecf265a1aef35d5b3f95a8b06e64f76e1abb79d533fcdd2ade76454c,489831
EMDC_FOIL_Disk_2_of_2_WTC_JPEGs_and_PDFs/WTC 2001 - JPGs/standard_41_ASize_20011028.jpg,a4be9fd5e9e005bee6670d3b4d3db24ca3c9293e6f0858e1f9c8c46c315e0f16,187288
EMDC_FOIL_Disk_2_of_2_WTC_JPEGs_and_PDFs/WTC 2001 - JPGs/standard_60_0930_SizeA.jpg,851b303f6ec50db864fab399af4e4eb1ee8839b009f8d19c4437c953e0c18103,586926
EMDC_FOIL_Disk_2_of_2_WTC_JPEGs_and_PDFs/WTC 2001 - JPGs/standard_60_jan03.jpg,82e0501fb9e54f6c42318f3d710af0d962595af1da9cfddf098783e4f909eb1d,3411968
EMDC_FOIL_Disk_2_of_2_WTC_JPEGs_and_PDFs/WTC 2001 - JPGs/standard_60_jan03_8.jpg,db0e5a60b1bf7c78ea0b4c1686213ce1fdcdff0b03dad44e4d2ef4d55e411d4b,825670
EMDC_FOIL_Disk_2_of_2_WTC_JPEGs_and_PDFs/WTC 2001 - JPGs/standard_60_variuos_station.jpg,67ed7c513132398d48b0baad28c8ad209462ad26d0fa87727c3d5a637a0193f2,4377289
EMDC_FOIL_Disk_2_of_2_WTC_JPEGs_and_PDFs/WTC 2001 - JPGs/standard_61_20010929.jpg,4145b8bb8ea081b0a795c655813235ff129941b3afd8a28d17c6726d93746751,809919
EMDC_FOIL_Disk_2_of_2_WTC_JPEGs_and_PDFs/WTC 2001 - JPGs/standard_61_20011017.jpg,d6f865c8ae0499d910fc708bfc01b6a1243902f7f19ca9b9128de61efce6b797,786025
EMDC_FOIL_Disk_2_of_2_WTC_JPEGs_and_PDFs/WTC 2001 - JPGs/standard_61_river_crossing_status_092701.jpg,caeb3810224d5ca409eff33ce0ae3f4e8982a48c40d538faa63470e4064a5397,2085915
EMDC_FOIL_Disk_2_of_2_WTC_JPEGs_and_PDFs/WTC 2001 - JPGs/standard_61_river_crossing_status_092901.jpg,823dc27168feded86e70716c2073e7c7a4be50b7f7cf4e81dec4740c23582627,628980
EMDC_FOIL_Disk_2_of_2_WTC_JPEGs_and_PDFs/WTC 2001 - JPGs/status 9-15_D_2.jpg,a290e2ed7c11e5a9e6e2124badb33bfcf71e3fd90db3134c2373f20bc9444d35,2616118
EMDC_FOIL_Disk_2_of_2_WTC_JPEGs_and_PDFs/WTC 2001 - JPGs/strength_courage2.jpg,033c2f730d9f2f338fbfccdc4838074ad6145a51d73b80c03098a5d4c41686c6,1957430
EMDC_FOIL_Disk_2_of_2_WTC_JPEGs_and_PDFs/WTC 2001 - JPGs/trade_center_Product1.jpg,e19b963e5503663f8f224c6a89cb316001ea3445ed0abd44f666600b5a73def9,130455
EMDC_FOIL_Disk_2_of_2_WTC_JPEGs_and_PDFs/WTC 2001 - JPGs/various_station_sites.jpg,d9b327c617a32e6414d817260dc88bd264cb7fb4e4ac635402b38b91c84b9fac,494006
EMDC_FOIL_Disk_2_of_2_WTC_JPEGs_and_PDFs/WTC 2001 - JPGs/wtc_0913_2.jpg,b03bf084696b22e5bd836767a67fc159c954cc4239289680c59a8dd76c9fb302,1028902
EMDC_FOIL_Disk_2_of_2_WTC_JPEGs_and_PDFs/WTC 2001 - JPGs/wtc_0915_2.jpg,d3e08f3d169e4957dde5d6f73e0fa389aeb1b59513a2d6ef2b5f49a2db363474,1498268
EMDC_FOIL_Disk_2_of_2_WTC_JPEGs_and_PDFs/WTC 2001 - JPGs/wtc_0917_2.jpg,54a35d8bddd176f68e203890c367df49afe1507d14aca94823baba671e68a49c,1513607
EMDC_FOIL_Disk_2_of_2_WTC_JPEGs_and_PDFs/WTC 2001 - JPGs/wtc_0919_2.jpg,38a3b4009ba4c1f11cbd5f2c887f2ae000dc6298c742d18035f23820c15427da,1506409
EMDC_FOIL_Disk_2_of_2_WTC_JPEGs_and_PDFs/WTC 2001 - JPGs/wtc_0922_2.jpg,c6167387f0ed77f20fc4ee9d6a02b701d431d4d9a4f1e397f6e2a3013f3b1051,1458531
EMDC_FOIL_Disk_2_of_2_WTC_JPEGs_and_PDFs/WTC 2001 - JPGs/wtc_0926_2.jpg,00c5c873a712521dcd6284ab1f77fedd3b577a7a5f8f629b2e3b68e3967f990c,1575530
EMDC_FOIL_Disk_2_of_2_WTC_JPEGs_and_PDFs/WTC 2001 - JPGs/wtc_0930_2.jpg,b8522479bbad991655473b14a8b34017d09e6957f7a8242a549f778288fadb8f,1544700
EMDC_FOIL_Disk_2_of_2_WTC_JPEGs_and_PDFs/WTC 2001 - JPGs/wtc_1003_2.jpg,e4d56e361493c5bc7d8d50456ba3d176a992f661de9a3f8858a6ead63da10408,1483469
EMDC_FOIL_Disk_2_of_2_WTC_JPEGs_and_PDFs/WTC 2001 - JPGs/wtc_before.jpg,c0db27cdf5d47f2a014929ac7404b6fcf3132a18c28e9ea643b5dce880d3ac9b,2196250
EMDC_FOIL_Disk_2_of_2_WTC_JPEGs_and_PDFs/WTC 2001 - PDFs/10.16coned.pdf,5f3944bce60706639ec93712d17b6c28eb0c79076cc30dc82e085dd3878c5340,54390
EMDC_FOIL_Disk_2_of_2_WTC_JPEGs_and_PDFs/WTC 2001 - PDFs/10.17restricted sectors.pdf,aaeeae8eec6bdb36090924fc19cf8ccc970537a5292b3d229395446dbd168e41,612602
EMDC_FOIL_Disk_2_of_2_WTC_JPEGs_and_PDFs/WTC 2001 - PDFs/1165_staten_island_fresh_kills_Dsize.pdf,2c1df9b136bed93e53a8e4764759cce21236f27a5d67ee6df84755631c5174ff,8388457
EMDC_FOIL_Disk_2_of_2_WTC_JPEGs_and_PDFs/WTC 2001 - PDFs/120greenwich request.pdf,b3e80a39443fa9e00a98ca7a830e3096c413e42e6645a6aa3a1233434430dddb,1199191
EMDC_FOIL_Disk_2_of_2_WTC_JPEGs_and_PDFs/WTC 2001 - PDFs/1219_Military_Posts_10_4.pdf,38f5ccf95d9104c5afcf722032ffafe59c13ae3754d2c4356e3870445f955d18,68472
EMDC_FOIL_Disk_2_of_2_WTC_JPEGs_and_PDFs/WTC 2001 - PDFs/1219_Military_Posts_In_Restricted_Sectors.pdf,a860616b75fad8ad1da664aa2d71b3ebb535b288a0362a6d592974d295b4eb8b,41597
EMDC_FOIL_Disk_2_of_2_WTC_JPEGs_and_PDFs/WTC 2001 - PDFs/1401_Military_Posts_10_8.pdf,37e4892a9b2d893a7a07a22783d1b50759a93f0a08bebd5eaafb355bb4a59da7,80013
EMDC_FOIL_Disk_2_of_2_WTC_JPEGs_and_PDFs/WTC 2001 - PDFs/1413_1.pdf,c07cd1326dce408b11aac76782fe1ccf70e91fe3e880cfcae58e568e2b5e3d76,175618
EMDC_FOIL_Disk_2_of_2_WTC_JPEGs_and_PDFs/WTC 2001 - PDFs/1428_Manhattan.pdf,4cb2be398f70431fce9ebfdddd377bf1d5176c9b28dc0dc00f1686727e00a01e,443811
EMDC_FOIL_Disk_2_of_2_WTC_JPEGs_and_PDFs/WTC 2001 - PDFs/1430_pa_groundzero.pdf,5ba92fec61e63d7eef6f90d579333513f4869c1f18d120f5d83c0470b450694b,473955
EMDC_FOIL_Disk_2_of_2_WTC_JPEGs_and_PDFs/WTC 2001 - PDFs/1432_20011010_NYPDrestricted area.pdf,2826fb4c97e829b1ca62d6f0b6981f681ba705c104cf82f21e0a3aeccfb941f5,341654
EMDC_FOIL_Disk_2_of_2_WTC_JPEGs_and_PDFs/WTC 2001 - PDFs/1441_20011010_portauthorpolice.pdf,285d561d61b6fe2801038a8789c4a80498f6a6bcd359a2fca7240b95cb69bd52,1260071
EMDC_FOIL_Disk_2_of_2_WTC_JPEGs_and_PDFs/WTC 2001 - PDFs/1452_20011010_CanalStreetSouth_Csize.pdf,140118e662f523601202aa5afe90ba0360b28dc306f512801009ce0c2f6195ba,1273251
EMDC_FOIL_Disk_2_of_2_WTC_JPEGs_and_PDFs/WTC 2001 - PDFs/1455_Standard_36_DRAFT20011010.pdf,e402d162ff18bf19ab5663439a56ab29e10f2c37f228afa5cf64e85ec9bb50a1,914279
EMDC_FOIL_Disk_2_of_2_WTC_JPEGs_and_PDFs/WTC 2001 - PDFs/1456_20011010_GroundZeroBuffer_11_17size.pdf,1990fab3602a206841ac90f44f5962c245ecb4ad358ab2b570b7a2922723621f,766453
EMDC_FOIL_Disk_2_of_2_WTC_JPEGs_and_PDFs/WTC 2001 - PDFs/1456_20011010_GroundZeroBuffer_Esize.pdf,1278d773c95b211cf57db8115110d76c2718d2c5f5130845704f6ac46f1c57f7,1348102
EMDC_FOIL_Disk_2_of_2_WTC_JPEGs_and_PDFs/WTC 2001 - PDFs/1456_20011010_GroundZeroBuffer_LetterSize.pdf,11e1befb858927a6f961cbe2efb294016136ef1865ac8d439ada28d4dc908c30,148931
EMDC_FOIL_Disk_2_of_2_WTC_JPEGs_and_PDFs/WTC 2001 - PDFs/1459_20011010_Streetmap_LetterSize.pdf,5454fad5f9685ae23972ca5cfd40796bfe72fcd60e2e50f3967b30e8f6a1df06,149026
EMDC_FOIL_Disk_2_of_2_WTC_JPEGs_and_PDFs/WTC 2001 - PDFs/1460BatteryPark.pdf,dd4e918cc57940f86559071c16f137d4f50ac7d6a6932ae99832ced1799c72eb,9194
EMDC_FOIL_Disk_2_of_2_WTC_JPEGs_and_PDFs/WTC 2001 - PDFs/1460BridgesBookMan.pdf,b0b3d5a3cfc0b95a45f82b379999c186dc0e28dcaf41d2ba89d64f27f77ff123,15072
EMDC_FOIL_Disk_2_of_2_WTC_JPEGs_and_PDFs/WTC 2001 - PDFs/1503 zip codes below canal.pdf,e81cd85eeb3c38c7328d977bef4a952ff3451e8de5fcbf6b281b09006cf45bb8,1009613
EMDC_FOIL_Disk_2_of_2_WTC_JPEGs_and_PDFs/WTC 2001 - PDFs/1522_Military_Posts_10_14.pdf,7620e6306f53c21400a5654327f413e1dfb9192570e729dfd562c7ae5c702014,109975
EMDC_FOIL_Disk_2_of_2_WTC_JPEGs_and_PDFs/WTC 2001 - PDFs/1537Zone.pdf,d351d0673b9702ecbe01b305d0c6389125da7400162e591625b9f72e2b9ff928,460663
EMDC_FOIL_Disk_2_of_2_WTC_JPEGs_and_PDFs/WTC 2001 - PDFs/1546_20011016_FDNYVerrazanoAerial.pdf,fcf6e906311465ac02d93080942687cfe4da6db468ef7d23e21c883bb855981b,343051
EMDC_FOIL_Disk_2_of_2_WTC_JPEGs_and_PDFs/WTC 2001 - PDFs/1590NYCPartnership.pdf,7452fc92afd374b54537301f7a947de592d50644a19604bb46e7cee31f9ffa43,797057
EMDC_FOIL_Disk_2_of_2_WTC_JPEGs_and_PDFs/WTC 2001 - PDFs/1590_affected_businesses_by_zip.pdf,5c96f1fc880fd97310599dac165216c3959b37670f096c18a60ce315ff632e41,1425857
EMDC_FOIL_Disk_2_of_2_WTC_JPEGs_and_PDFs/WTC 2001 - PDFs/1614_20011022_Standard_46.pdf,a5a989fbab11ab847c3e1496f1d80b86be6640870081a15f7de87275309ad522,2628500
EMDC_FOIL_Disk_2_of_2_WTC_JPEGs_and_PDFs/WTC 2001 - PDFs/1615_20011022_restricted_area.pdf,7102b502c22b22d9095d81fc646f8790b09ec20e028e260bfa2e9267648913e3,754213
EMDC_FOIL_Disk_2_of_2_WTC_JPEGs_and_PDFs/WTC 2001 - PDFs/1649_20011024_WTC_before+after.pdf,7456fe337c1ee2fd58a445178b4bbb9a770f7bd86a614fa1c77b1f90d0c6f8df,1227168
EMDC_FOIL_Disk_2_of_2_WTC_JPEGs_and_PDFs/WTC 2001 - PDFs/1694_20011026_restricted.pdf,41a212cdf043a03611f9e7228bb6a527b2ab9eb473a1267efa22e43c75aefd71,530737
EMDC_FOIL_Disk_2_of_2_WTC_JPEGs_and_PDFs/WTC 2001 - PDFs/1696_20011026.pdf,bf4679de549bb9383a1fd2386dd6777bbd606cb1d64f9619fe93de2e98761b19,7936759
EMDC_FOIL_Disk_2_of_2_WTC_JPEGs_and_PDFs/WTC 2001 - PDFs/1769_20011105_3_boro_map.pdf,7e8a2635cd18a259ebc250b66543fbe9eb0727d9a8a71dad257286202a88b2e1,3131079
EMDC_FOIL_Disk_2_of_2_WTC_JPEGs_and_PDFs/WTC 2001 - PDFs/1780 - 3 World Financial Center.pdf,65df1f05a0e5e894816e85fd0ac78c33067bd208bda31898c38de26bef528425,496704
EMDC_FOIL_Disk_2_of_2_WTC_JPEGs_and_PDFs/WTC 2001 - PDFs/1785 - NYC Precincts.pdf,86b3a02529c22750604806359b91ffad496f400f283fd73f0ea02e49934ef7ba,873208
EMDC_FOIL_Disk_2_of_2_WTC_JPEGs_and_PDFs/WTC 2001 - PDFs/1795.pdf,1d78433a9603b61473afc720e34a78e62cfade9f25d0a25dd9c02cf8105a69b5,245435
EMDC_FOIL_Disk_2_of_2_WTC_JPEGs_and_PDFs/WTC 2001 - PDFs/195_broadway.pdf,b6029ca32e9e585aebb380e138b242ee0d3272dc78d0f56804878598ddc2ff01,180150
EMDC_FOIL_Disk_2_of_2_WTC_JPEGs_and_PDFs/WTC 2001 - PDFs/20011003_Thermal_Imagery.pdf,899165ca1ed9eea7d3703b3c27354f522c447c417fbcf119d909bce5837da55b,106680
EMDC_FOIL_Disk_2_of_2_WTC_JPEGs_and_PDFs/WTC 2001 - PDFs/20011007_Thermal_Imagery.pdf,5236e4cebc368ec6aca875bb578cfc93897da42eb8910c1f8970c274154becb0,98457
EMDC_FOIL_Disk_2_of_2_WTC_JPEGs_and_PDFs/WTC 2001 - PDFs/20011024_NYSDEC.pdf,5d00d575601791e291379468920c69f4ecbb6473277fbf6eafe8215fbd7d0604,476928
EMDC_FOIL_Disk_2_of_2_WTC_JPEGs_and_PDFs/WTC 2001 - PDFs/20011024_NYSDEC_2.pdf,182dfb159e1e830729e81a35e6b1846256841237947c9a6b4db3b6281f219d9e,66529
EMDC_FOIL_Disk_2_of_2_WTC_JPEGs_and_PDFs/WTC 2001 - PDFs/20011024_NYSDEC_3.pdf,f901e4bf3f50f94ddcf2183ca0a15858b35a99e27778113fb65e0cd7721314ce,131310
EMDC_FOIL_Disk_2_of_2_WTC_JPEGs_and_PDFs/WTC 2001 - PDFs/2001Bus.pdf,2e6d540edbeaacfb2aef9bbfb0f6766141d11cd8b0a2b5281d114c00c253ace3,1126892
EMDC_FOIL_Disk_2_of_2_WTC_JPEGs_and_PDFs/WTC 2001 - PDFs/911 restricted.pdf,54287a9c43ba5d789cd787dca64467074c67a3f9f850d089fc598bd2225aa171,136322
EMDC_FOIL_Disk_2_of_2_WTC_JPEGs_and_PDFs/WTC 2001 - PDFs/918 restricted.pdf,a5cafc118f9c819a9e561a08ada3b675ea3475b114d42244bae469d390b4452d,222791
EMDC_FOIL_Disk_2_of_2_WTC_JPEGs_and_PDFs/WTC 2001 - PDFs/Army Command Post12-12-2001.pdf,27babd2c0ba8940ee4d246ecafa426b74b7844da04f375e92fd7bcd7f187da88,892637
EMDC_FOIL_Disk_2_of_2_WTC_JPEGs_and_PDFs/WTC 2001 - PDFs/Brooklyn_Manhattan_Map_A.pdf,b6749ca0332049bf754b5051a7313c5dc0e4e8d3cad5c4a6ac0b3957cc3312dc,420346
EMDC_FOIL_Disk_2_of_2_WTC_JPEGs_and_PDFs/WTC 2001 - PDFs/Brooklyn_Manhattan_Map_D.pdf,0c37662b4f207ed946b69aa973df2b68b20e306fb90c90c55c442afbb50c0d80,982168
EMDC_FOIL_Disk_2_of_2_WTC_JPEGs_and_PDFs/WTC 2001 - PDFs/CM_Equip_Plan_15Oct2001.pdf,7791195e343defec7f824f8ad7a5a02322efe28664fa3f1f66f35f5d49363a97,514095
EMDC_FOIL_Disk_2_of_2_WTC_JPEGs_and_PDFs/WTC 2001 - PDFs/CopyStandard_36_Ped+Car_Restrictions_0923_1635Hr_9-24_2feeding.pdf,7ebfa7b05a8dbca9bd9e477f8e0f3dcb1911e54ea39839d1d1faded0543e8882,793776
EMDC_FOIL_Disk_2_of_2_WTC_JPEGs_and_PDFs/WTC 2001 - PDFs/Custom_1145_0929.pdf,010f082971f91c5ab98961b9f8addebb4bc14ef348fb0c618bb14b1343a8a2f3,23320
EMDC_FOIL_Disk_2_of_2_WTC_JPEGs_and_PDFs/WTC 2001 - PDFs/DEP_custom_0928.pdf,37f351d63d34c58ed3331218548b6fe919d089905cea410961ad4ec4f5de386d,121839
EMDC_FOIL_Disk_2_of_2_WTC_JPEGs_and_PDFs/WTC 2001 - PDFs/December 15.pdf,616b5a4fc9c8d1e31adf161a1a07119563d89b2c991d152033f6970fab7f5acd,128156
EMDC_FOIL_Disk_2_of_2_WTC_JPEGs_and_PDFs/WTC 2001 - PDFs/FDNY_WTC_commandposts_9162001_8x11.pdf,ff9947c06d809a7a4520e43e8064594c06f4e8d3982ca136d146ff868a4a8509,151784
EMDC_FOIL_Disk_2_of_2_WTC_JPEGs_and_PDFs/WTC 2001 - PDFs/Lidar Images copy.PDF,256f00871dac3ff521b6aa5f94dbe896933951f5e82f5eeae433adb2965e94c7,8012094
EMDC_FOIL_Disk_2_of_2_WTC_JPEGs_and_PDFs/WTC 2001 - PDFs/NewRestrictedAreaWithAccessPts.pdf,f5b917a84b5c3e7995cbdb19c4f3afe285b29ba07d818a64bc2beeb208ad9296,262925
EMDC_FOIL_Disk_2_of_2_WTC_JPEGs_and_PDFs/WTC 2001 - PDFs/Ped+Car_Restrictions_0917-2.pdf,922d9ef9d5177bb19d187aff7d1fdd805b43ce66425df60eab072bf76066f8ac,66065
EMDC_FOIL_Disk_2_of_2_WTC_JPEGs_and_PDFs/WTC 2001 - PDFs/Ped+Car_Restrictions_0917.pdf,9449f802cacf9e7e0059a16e0704e44afca7e5cf949f4a477efcae7d8759eeab,60143
EMDC_FOIL_Disk_2_of_2_WTC_JPEGs_and_PDFs/WTC 2001 - PDFs/Ped+Car_Restrictions_1003.pdf,6af7c9ab3f864aeeb9640f8e57cec8362ecddcc066ca0e8e74816a414eb6fd3f,533970
EMDC_FOIL_Disk_2_of_2_WTC_JPEGs_and_PDFs/WTC 2001 - PDFs/Red Zone - Inner Zone.pdf,eea9d041f865e6aaa6ce5cf4bce3012a23e09c9019e5a41a4de2a01249b9ea60,241217
EMDC_FOIL_Disk_2_of_2_WTC_JPEGs_and_PDFs/WTC 2001 - PDFs/Standard_33_coned.pdf,74280a069fc34c7af715b7cbaeb912bc263dfdb2405e4ec765f15a2fa06530f3,93528
EMDC_FOIL_Disk_2_of_2_WTC_JPEGs_and_PDFs/WTC 2001 - PDFs/Standard_33_coned_20011031.pdf,a730674cfeab6554bd3ddef26de1ef2f22ed2d5100f12f04222221e2c6a6388b,360699
EMDC_FOIL_Disk_2_of_2_WTC_JPEGs_and_PDFs/WTC 2001 - PDFs/Standard_33_coned_DRAFT_20011024.pdf,4830a0866bdfe7a48ceeac4ffebc4c638912ececf7c4627e6dc67b7de144c7df,78189
EMDC_FOIL_Disk_2_of_2_WTC_JPEGs_and_PDFs/WTC 2001 - PDFs/Standard_33_telephone_20011015.pdf,c70487b69d98423d2772fb8afbee96c88d257f8c54298d2bc3b6cc1c33a71ced,96068
EMDC_FOIL_Disk_2_of_2_WTC_JPEGs_and_PDFs/WTC 2001 - PDFs/Standard_36.pdf,531ef2ed4fb26251d4026bc3cb6b54c84b4480c5536857c0fd3eb3efec6ae15c,913184
EMDC_FOIL_Disk_2_of_2_WTC_JPEGs_and_PDFs/WTC 2001 - PDFs/Standard_36_20010201.pdf,32052acbd8601f86f1488424a601990fea0261751f308c93c14c2ee10b276aa7,111932
EMDC_FOIL_Disk_2_of_2_WTC_JPEGs_and_PDFs/WTC 2001 - PDFs/Standard_36_20011004.pdf,0f0433b62f15befba9943b1ec3196e0f90b75e672a9af8c52a38c551dc441a52,1668964
EMDC_FOIL_Disk_2_of_2_WTC_JPEGs_and_PDFs/WTC 2001 - PDFs/Standard_36_20011025.pdf,4a88d05af4f3c0bf4ee46665bcd363b4548fd7b07aa881c0405bf1c382a374ab,113647
EMDC_FOIL_Disk_2_of_2_WTC_JPEGs_and_PDFs/WTC 2001 - PDFs/Standard_36_20011029.pdf,adf0dcbd1d75b6b22b439ae1776e9c1d339da0b6efd3e94c69861dd7a0bef030,109725
EMDC_FOIL_Disk_2_of_2_WTC_JPEGs_and_PDFs/WTC 2001 - PDFs/Standard_36_20011105.pdf,f764a989127d7f698efa4b3e8456a1718d79c774d2ab9183ba285173e507c0f7,398947
EMDC_FOIL_Disk_2_of_2_WTC_JPEGs_and_PDFs/WTC 2001 - PDFs/Standard_36_20020104.pdf,34318a127ab5274a7fbb3beff2590807db8d09ffa5f518d205bbcc7a28946e0f,395568
EMDC_FOIL_Disk_2_of_2_WTC_JPEGs_and_PDFs/WTC 2001 - PDFs/Standard_36_DRAFT20011017.pdf,4cfa11d02b967bc7dd2d1be1913767799565826093b703714fc581ea02e368ff,603021
EMDC_FOIL_Disk_2_of_2_WTC_JPEGs_and_PDFs/WTC 2001 - PDFs/Standard_36__inner zone_20010201.pdf,9b10fd28a735d5d5efdb4524478ec0ed599c2640903897050f7d2f6e8f10e01a,114196
EMDC_FOIL_Disk_2_of_2_WTC_JPEGs_and_PDFs/WTC 2001 - PDFs/Standard_46_1996_9-15_AND_10-13.pdf,005111491ec0c50a21bb25c5f75924a79482a84fdd8f44b9146bba698c10a9c8,12900951
EMDC_FOIL_Disk_2_of_2_WTC_JPEGs_and_PDFs/WTC 2001 - PDFs/Standard_46_20010915.pdf,eec383bb5af387ffc736dfa3415a883caadd14cba59d2dd4e9eabd0316d9edaf,25481147
EMDC_FOIL_Disk_2_of_2_WTC_JPEGs_and_PDFs/WTC 2001 - PDFs/Standard_46_20010930.pdf,abfcf88d2157806e8df08e8e7525cf192137c98f87532f7e512e88919d7fc509,26997610
EMDC_FOIL_Disk_2_of_2_WTC_JPEGs_and_PDFs/WTC 2001 - PDFs/Standard_46_20011007.pdf,a8af0de993ff34a42dfffa68f1433f622abae1984f4f55cc44458ce43790d297,23789838
EMDC_FOIL_Disk_2_of_2_WTC_JPEGs_and_PDFs/WTC 2001 - PDFs/Standard_46_20011013.pdf,13da261c55321318b0420f33a5f77bc3b62104bb515a47598b4c577042bb3341,19009023
EMDC_FOIL_Disk_2_of_2_WTC_JPEGs_and_PDFs/WTC 2001 - PDFs/Standard_46_20011219.pdf,201552c07264f3a521747b271a4af73ba8733d92ce3e85225f92e4eede40e189,19632701
EMDC_FOIL_Disk_2_of_2_WTC_JPEGs_and_PDFs/WTC 2001 - PDFs/WEFMap1.pdf,07db672439e4c07c1574dbe4add3781bdf3e74114aea16b5cfa0d30e582b238a,159527
EMDC_FOIL_Disk_2_of_2_WTC_JPEGs_and_PDFs/WTC 2001 - PDFs/WTCEvacuationRoutes_20020110.pdf,8871c9501ef4d76fe56a75608ce039a0d835e8afb259af21d4b8a564a17598d3,1424746
EMDC_FOIL_Disk_2_of_2_WTC_JPEGs_and_PDFs/WTC 2001 - PDFs/access_091701.pdf,f3a8414080cf21990c25ee4d83897e05b33949f9942cf859c007dc89fec0625b,72666
EMDC_FOIL_Disk_2_of_2_WTC_JPEGs_and_PDFs/WTC 2001 - PDFs/accesspts_redcross_10-7.pdf,e2e2e817e1c563c77062dd63dac0b568dbaff380a0a526d4d8aba0e2acb975aa,188680
EMDC_FOIL_Disk_2_of_2_WTC_JPEGs_and_PDFs/WTC 2001 - PDFs/aerial_9_15_20011016a.pdf,0d8031bf1d61367bb889584cdb9a9a67aad6afb6a4b9354562cf4a88797ccf02,2810
EMDC_FOIL_Disk_2_of_2_WTC_JPEGs_and_PDFs/WTC 2001 - PDFs/aerial_9_15_20011016b.pdf,b2df44b4d97fa568033b8493c93e8d656b0fe0ca6a19251d997f7d6087c81ca9,571281
EMDC_FOIL_Disk_2_of_2_WTC_JPEGs_and_PDFs/WTC 2001 - PDFs/aerial_9_22.pdf,b9ed7d7f09b65bac1c8bbb80d79f9963934d8979113b38c11ddacfd2a5da1ff2,302801
EMDC_FOIL_Disk_2_of_2_WTC_JPEGs_and_PDFs/WTC 2001 - PDFs/allRestrjpegs.pdf,1d38c9589efc1a9d6aa2875ff403ba2c2981fd05ab97f4d604d98f2eefd2bf1a,139086
EMDC_FOIL_Disk_2_of_2_WTC_JPEGs_and_PDFs/WTC 2001 - PDFs/army_WMD_Dsize.pdf,70fb1786807349d3fe7cc924b1d38d61d64c17660f57001b0b03eec3e44e1d39,6271
EMDC_FOIL_Disk_2_of_2_WTC_JPEGs_and_PDFs/WTC 2001 - PDFs/bldg status.pdf,1e0bb12d206934267df3039b82f7a962b792af2d52d3fc707fc0244b99251b98,1034804
EMDC_FOIL_Disk_2_of_2_WTC_JPEGs_and_PDFs/WTC 2001 - PDFs/bldg.pdf,392ad6a0d3d6812740f8edaf1114f29dfc985167969648f93578849ef83953de,2125518
EMDC_FOIL_Disk_2_of_2_WTC_JPEGs_and_PDFs/WTC 2001 - PDFs/bldgs_20011017.pdf,a8ebad2c864b913fc1a9eaf66a2678715a5f84f671014d1ccd707c212db3f3c8,905540
EMDC_FOIL_Disk_2_of_2_WTC_JPEGs_and_PDFs/WTC 2001 - PDFs/building conditions.pdf,e49e81ee549633249b4c0333ad2a4ba6651d9d077f04653b5f4368a83e9db130,238739
EMDC_FOIL_Disk_2_of_2_WTC_JPEGs_and_PDFs/WTC 2001 - PDFs/building status.pdf,7e758c536b2dd1eb9abc46c70fd411bfa1ece66769a2c363452e2fed4a46d9d5,276839
EMDC_FOIL_Disk_2_of_2_WTC_JPEGs_and_PDFs/WTC 2001 - PDFs/city_property_cleaned_status_0921.pdf,d2cee19679099e93d1a6da04367de27b8451020c5382dfa213e714abcc161eff,507712
EMDC_FOIL_Disk_2_of_2_WTC_JPEGs_and_PDFs/WTC 2001 - PDFs/city_property_open _status_0921.pdf,1aed0bac8012ac6ad8695110778e4fa66bc0e361393947757647babbc7d2894c,56468
EMDC_FOIL_Disk_2_of_2_WTC_JPEGs_and_PDFs/WTC 2001 - PDFs/city_property_phone _status_0921.pdf,a8d30eb4c946a54b206c7c8c3b236261c5ca288d034ed0a4a864f198d5ed1e63,56002
EMDC_FOIL_Disk_2_of_2_WTC_JPEGs_and_PDFs/WTC 2001 - PDFs/city_property_power _status_0921.pdf,16785ce4973e23414781057357a10783f86792790fdf6d1e0ae9f4cd4747c1b4,68462
EMDC_FOIL_Disk_2_of_2_WTC_JPEGs_and_PDFs/WTC 2001 - PDFs/city_property_status.pdf,23d983eae7ddbf634917019a4f130bca4870129697ebe993a8c6f5075397bea7,21929
EMDC_FOIL_Disk_2_of_2_WTC_JPEGs_and_PDFs/WTC 2001 - PDFs/custom_nypd_operations_20011024.pdf,1d118ad238deab03ba013d64e52d87fb495ef31e1ea67912d121f21dd0950ed1,97703
EMDC_FOIL_Disk_2_of_2_WTC_JPEGs_and_PDFs/WTC 2001 - PDFs/december ground zero.pdf,44ca415c9c58399b0b97fe5d98862ac7130743b25622675a8f292ce00abaee13,6215110
EMDC_FOIL_Disk_2_of_2_WTC_JPEGs_and_PDFs/WTC 2001 - PDFs/downtown.pdf,0015b01d1ca4ac7b38dc3c035407f08919adcb9b6c5f4b617583e1ccffa33961,185213
EMDC_FOIL_Disk_2_of_2_WTC_JPEGs_and_PDFs/WTC 2001 - PDFs/nonstandard_36.pdf,fe95cc80396925e45498902b332bc16fb5cc6c964afed7710468ab1f16096649,586243
EMDC_FOIL_Disk_2_of_2_WTC_JPEGs_and_PDFs/WTC 2001 - PDFs/parks facilities.pdf,c83c88ae77b9db24060496c986842b41dabc9b142360604e81e83015ef7761d6,176448
EMDC_FOIL_Disk_2_of_2_WTC_JPEGs_and_PDFs/WTC 2001 - PDFs/restricted sectors.pdf,2795c3838b5f04435de815ce01ce6d7a6e1ec100abfe85ed56c6a3522dd57e94,121561
EMDC_FOIL_Disk_2_of_2_WTC_JPEGs_and_PDFs/WTC 2001 - PDFs/sectors.pdf,bef518a5c76911546b4dc930502b23a7503b3cdc0a39ea0ababb4174f80ce54a,102083
EMDC_FOIL_Disk_2_of_2_WTC_JPEGs_and_PDFs/WTC 2001 - PDFs/standard_01.pdf,187f732c6016ea7126815cefcc00460c2974413429b8be3ba1c22f85933ea2e0,7834078
EMDC_FOIL_Disk_2_of_2_WTC_JPEGs_and_PDFs/WTC 2001 - PDFs/standard_02.pdf,e945f7cd94df8e10c55f777548d7f739d268a10a61b074e260a4b439083df748,6348881
EMDC_FOIL_Disk_2_of_2_WTC_JPEGs_and_PDFs/WTC 2001 - PDFs/standard_03.pdf,2fd7ce80c288aace4362e0d6a7e050fd932dbc3c14d546688679d42770d8f4d7,14059200
EMDC_FOIL_Disk_2_of_2_WTC_JPEGs_and_PDFs/WTC 2001 - PDFs/standard_05_20011018.pdf,8519c71b0cb163cb2e4b120bc8992aa3a20905d99cfec344bb6ef666efa17aae,1002469
EMDC_FOIL_Disk_2_of_2_WTC_JPEGs_and_PDFs/WTC 2001 - PDFs/standard_06_20010928.pdf,ebb99b27837dd1280e638f1d3c91c283cbd7251172de567479fe92bf9c05c3e1,2380188
EMDC_FOIL_Disk_2_of_2_WTC_JPEGs_and_PDFs/WTC 2001 - PDFs/standard_08_20011018.pdf,9715873af5d7e81575f3a0b4fda6ba30cf7a30571ae3cfe0d80edde8c3d5d411,24555250
EMDC_FOIL_Disk_2_of_2_WTC_JPEGs_and_PDFs/WTC 2001 - PDFs/standard_13_20010918.pdf,5cab3ba7e55a43d98c5ec57f0369d50ebf66a6df939c0610d91b4fddb37c3971,125956
EMDC_FOIL_Disk_2_of_2_WTC_JPEGs_and_PDFs/WTC 2001 - PDFs/standard_27_20011019.pdf,f16fe09fa66f78d7c9965974bf5e7941032b32afbc90f929af929d43f23c702c,8831210
EMDC_FOIL_Disk_2_of_2_WTC_JPEGs_and_PDFs/WTC 2001 - PDFs/standard_30_20011018.pdf,c63dc3e77de9458cf9719249c3f167a48a0f8f84fb485897f499c8459dd34539,13024768
EMDC_FOIL_Disk_2_of_2_WTC_JPEGs_and_PDFs/WTC 2001 - PDFs/standard_32.pdf,8c60bf0d05448a602a29597b63164198a0f7c909e5966be5e2ec3c5c70cb4a7a,1798110
EMDC_FOIL_Disk_2_of_2_WTC_JPEGs_and_PDFs/WTC 2001 - PDFs/standard_33_telephone_20011004.pdf,b615caa609159b5365a9daab997f17f768a60639441f7a285394894284ea229a,729778
EMDC_FOIL_Disk_2_of_2_WTC_JPEGs_and_PDFs/WTC 2001 - PDFs/standard_33_water_100701.pdf,87c299e89b737ec1c4403f9842814ab31d730bc010187169f3772cd1588190e5,503851
EMDC_FOIL_Disk_2_of_2_WTC_JPEGs_and_PDFs/WTC 2001 - PDFs/standard_36_Ped+Car_Restrictions_0917_1500Hrs_E.pdf,e2705b3d1d26e747c940ce8d98d01d9ffaa69c9c346ef9a02733289448b8794d,94799
EMDC_FOIL_Disk_2_of_2_WTC_JPEGs_and_PDFs/WTC 2001 - PDFs/standard_36_Ped+Car_Restrictions_0920_2030Hrs_A.pdf,ceae0a1756cf27f53e8786332dc15780675fa5309fe7615c1ce07c02015c87e3,4853188
EMDC_FOIL_Disk_2_of_2_WTC_JPEGs_and_PDFs/WTC 2001 - PDFs/standard_41.pdf,529e6bc0abca1d5b718d033f92446d60f29b3397781452dc0f774ff7f6b8c189,1060619
EMDC_FOIL_Disk_2_of_2_WTC_JPEGs_and_PDFs/WTC 2001 - PDFs/standard_41_ASize_20011028.pdf,2e0eaea5d01c9ac9c9b2b2d3288bec1009e3ca4a857ce3d25c04f85f87ded2ed,503710
EMDC_FOIL_Disk_2_of_2_WTC_JPEGs_and_PDFs/WTC 2001 - PDFs/standard_41_ESize_20011022.pdf,d5648d0c5dfc2954055e7c0a1e789b75f3257abceec55efd363040381ab8f5a5,841349
EMDC_FOIL_Disk_2_of_2_WTC_JPEGs_and_PDFs/WTC 2001 - PDFs/standard_44.pdf,ec0fafe0a089133ff33942311f3ec76a982c8902b690c3d9f30d1e8fdaedc086,10443050
EMDC_FOIL_Disk_2_of_2_WTC_JPEGs_and_PDFs/WTC 2001 - PDFs/standard_60.pdf,b21bfa91f51d10ee5216d749d16395c1ac917982cd43a5154c72db2aafb7d97f,1791460
EMDC_FOIL_Disk_2_of_2_WTC_JPEGs_and_PDFs/WTC 2001 - PDFs/standard_60_20011009.pdf,25c386ce80db315013a2e7aa6d4355a9f94de5ff9e409c0b50ef0b29efea1287,398820
EMDC_FOIL_Disk_2_of_2_WTC_JPEGs_and_PDFs/WTC 2001 - PDFs/standard_60_Construction.pdf,415db6f8eb90d96b016d2ace14c10ea909981037448604d718d15a6322cf6fe8,497784
EMDC_FOIL_Disk_2_of_2_WTC_JPEGs_and_PDFs/WTC 2001 - PDFs/standard_60_jan03.pdf,77687fc9bd05dc679484f0f061278c7f98d56501b94528a1ac5a31cdfb801ab8,1286065
EMDC_FOIL_Disk_2_of_2_WTC_JPEGs_and_PDFs/WTC 2001 - PDFs/standard_60_jan03_8.pdf,6220d87fa9e77ddf0aa319bf72ad30833a500534c67831ebb5c18ac5e5412f17,417162
EMDC_FOIL_Disk_2_of_2_WTC_JPEGs_and_PDFs/WTC 2001 - PDFs/standard_61_20010929.pdf,988a64ba28aecad9a1f743993a4645c05f519475dad7e65a451aac21f6164e1e,313877
EMDC_FOIL_Disk_2_of_2_WTC_JPEGs_and_PDFs/WTC 2001 - PDFs/standard_61_20011015.pdf,f898a042d9b5ee4ad5dd37d6b11ca20e833f78b06786dbbe78e9989cee7e3ace,276419
EMDC_FOIL_Disk_2_of_2_WTC_JPEGs_and_PDFs/WTC 2001 - PDFs/standard_71.pdf,41fa418705cc37d76630cf4a5bf722ea227b5c18b8e10e983a479f2474eddff0,1313209
EMDC_FOIL_Disk_2_of_2_WTC_JPEGs_and_PDFs/WTC 2001 - PDFs/wash facilities.pdf,466f7e834f75b55eb37171748c02f6dd1901c876219160a65db59c44cd073bf8,517407
NYC_OEM_FOIL_Nov_17_2010.jpg,d6b70102be02aa7eb481ef19fa44576df04de53e5e5f506cfc39679835958121,1121019
